node1,node2,length,startLon,startLat,endLon,endLat,endNodeL,startNodeL,startYear,endYear,tipLabel,startClade,endClade
46,47,10.11863959,102.632304200631,19.9728191709427,103.252108552757,19.9845631794158,7053.400166,7043.28152641,1982.48049420845,1992.59913379845,NA,main,main
33,34,8.612322445,109.601514911336,27.2824335821114,121.583506855361,30.4500511585844,7061.903328495,7053.29100605,1992.48997384845,2001.10229629345,NA,main,main
48,49,27.31090492,103.174633278991,19.0518715888004,101.969781188285,18.823207036206,7063.69756131,7036.38665639,1975.58562418845,2002.89652910845,NA,main,main
49,50,16.27143593,101.969781188285,18.823207036206,102.167914678348,18.7159603069509,7079.96899724,7063.69756131,2002.89652910845,2019.16796503845,NA,main,main
50,17,1.300282586,102.167914678348,18.7159603069509,102.042737527862,18.9095242509956,7081.269279826,7079.96899724,2019.16796503845,2020.46824762445,SC2_MZ937004.1,main,main
50,18,1.300282586,102.167914678348,18.7159603069509,102.387886168724,18.6393785843145,7081.269279826,7079.96899724,2019.16796503845,2020.46824762445,SC2_MZ937002.1,main,main
48,15,44.88262344,103.174633278991,19.0518715888004,102.109895073958,18.7696564078306,7081.26927983,7036.38665639,1975.58562418845,2020.46824762845,SC2_MZ937003.1,main,main
46,19,37.98775342,102.632304200631,19.9728191709427,101.549406336476,21.31597010954,7081.26927983,7043.28152641,1982.48049420845,2020.46824762845,SC2_EPI_ISL_412977,main,main
47,14,27.86911383,103.252108552757,19.9845631794158,102.265845555775,18.7727359109255,7081.26927983,7053.400166,1992.59913379845,2020.46824762845,SC2_MZ937000.1,main,main
49,16,17.57171852,101.969781188285,18.823207036206,101.914700753915,18.5634059929203,7081.26927983,7063.69756131,2002.89652910845,2020.46824762845,SC2_MZ937001.1,main,main
34,5,19.36595165,121.583506855361,30.4500511585844,122.235143146659,29.9514103194725,7081.269280145,7061.903328495,2001.10229629345,2020.46824794345,SC2_MG772933.1,main,main
34,6,19.36595165,121.583506855361,30.4500511585844,121.968726103971,30.1874831097306,7081.269280145,7061.903328495,2001.10229629345,2020.46824794345,SC2_MG772934.1,main,main
33,35,27.9782740949,109.601514911336,27.2824335821114,111.404596103818,27.3841215287415,7081.71253702,7053.29100605,1992.48997384845,2020.46824794335,NA,main,main
