node1,node2,length,startLon,startLat,endLon,endLat,endNodeL,startNodeL,startYear,endYear,tipLabel,startClade,endClade
51,52,31.13634771,101.984852214555,18.9161257789791,102.13848661081,18.728679351023,12045.70536772,12014.56902001,1988.44392137685,2019.58026908685,NA,main,main
34,5,28.43379891,122.161323525212,29.894188652166,122.235143146659,29.9514103194725,12046.31918577,12017.88538686,1991.76028822685,2020.19408713685,SC2_MG772933.1,main,main
34,6,28.43379891,122.161323525212,29.894188652166,121.968726103971,30.1874831097306,12046.31918577,12017.88538686,1991.76028822685,2020.19408713685,SC2_MG772934.1,main,main
51,16,31.75016592,101.984852214555,18.9161257789791,101.914700753915,18.5634059929203,12046.31918593,12014.56902001,1988.44392137685,2020.19408729685,SC2_MZ937001.1,main,main
52,17,0.6138182122,102.13848661081,18.728679351023,102.042737527862,18.9095242509956,12046.3191859322,12045.70536772,2019.58026908685,2020.19408729905,SC2_MZ937004.1,main,main
52,18,0.6138182122,102.13848661081,18.728679351023,102.387886168724,18.6393785843145,12046.3191859322,12045.70536772,2019.58026908685,2020.19408729905,SC2_MZ937002.1,main,main
49,14,31.24801475,101.951698923429,19.1382642837397,102.265845555775,18.7727359109255,12046.31918594,12015.07117119,1988.94607255685,2020.19408730685,SC2_MZ937000.1,main,main
44,21,0.1411953665,106.280883345493,13.6145916339443,106.020738408908,13.5522633342661,12046.3191859665,12046.1779906,2020.05289196685,2020.19408733335,SC2_EPI_ISL_852604,main,main
44,22,0.1411953665,106.280883345493,13.6145916339443,106.300722151789,13.6318528280781,12046.3191859665,12046.1779906,2020.05289196685,2020.19408733335,SC2_EPI_ISL_852605,main,main
