node1,node2,length,startLon,startLat,endLon,endLat,endNodeL,startNodeL,startYear,endYear,tipLabel,startClade,endClade
44,45,15.75200168,102.596912170535,18.7424720744785,102.290859409114,18.6693980040678,10137.63030439,10121.87830271,1981.43413962685,1997.18614130685,NA,main,main
33,34,25.67838934,112.326333725011,27.2012329264184,121.456258053514,29.4035482123155,10148.53966598,10122.86127664,1982.41711355685,2008.09550289685,NA,main,main
45,46,18.49080144,102.290859409114,18.6693980040678,102.226888289204,18.5851287511007,10156.12110583,10137.63030439,1997.18614130685,2015.67694274685,NA,main,main
34,5,12.39870795,121.456258053514,29.4035482123155,122.235143146659,29.9514103194725,10160.93837393,10148.53966598,2008.09550289685,2020.49421084685,SC2_MG772933.1,main,main
34,6,12.39870795,121.456258053514,29.4035482123155,121.968726103971,30.1874831097306,10160.93837393,10148.53966598,2008.09550289685,2020.49421084685,SC2_MG772934.1,main,main
43,14,40.72354657,101.513053629148,18.2583621170907,102.265845555775,18.7727359109255,10160.93837458,10120.21482801,1979.77066492685,2020.49421149685,SC2_MZ937000.1,main,main
45,16,23.30807019,102.290859409114,18.6693980040678,101.914700753915,18.5634059929203,10160.93837458,10137.63030439,1997.18614130685,2020.49421149685,SC2_MZ937001.1,main,main
46,17,4.817268755,102.226888289204,18.5851287511007,102.042737527862,18.9095242509956,10160.938374585,10156.12110583,2015.67694274685,2020.49421150185,SC2_MZ937004.1,main,main
46,18,4.817268755,102.226888289204,18.5851287511007,102.387886168724,18.6393785843145,10160.938374585,10156.12110583,2015.67694274685,2020.49421150185,SC2_MZ937002.1,main,main
44,15,39.06007188,102.596912170535,18.7424720744785,102.109895073958,18.7696564078306,10160.93837459,10121.87830271,1981.43413962685,2020.49421150685,SC2_MZ937003.1,main,main
48,21,0.9834450866,106.233285287699,13.5694019006442,106.020738408908,13.5522633342661,10160.9383746566,10159.95492957,2019.51076648685,2020.49421157345,SC2_EPI_ISL_852604,main,main
48,22,0.9834450866,106.233285287699,13.5694019006442,106.300722151789,13.6318528280781,10160.9383746566,10159.95492957,2019.51076648685,2020.49421157345,SC2_EPI_ISL_852605,main,main
33,35,38.0770972895,112.326333725011,27.2012329264184,112.231202397412,27.1458361581197,10161.72909459,10122.86127664,1982.41711355685,2020.49421084635,NA,main,main
