node1,node2,length,startLon,startLat,endLon,endLat,endNodeL,startNodeL,startYear,endYear,tipLabel,startClade,endClade
43,44,12.33786355,101.929527770131,18.9093882454755,102.012510506012,18.9460412795558,10034.04918362,10021.71132007,1975.80596617685,1988.14382972685,NA,main,main
34,35,29.16731212,110.105316817972,27.010210584257,121.964320841357,30.0779143296908,10048.89623297,10019.72892085,1973.82356695685,2002.99087907685,NA,main,main
46,47,27.59531202,102.112813079924,18.5906366180687,102.341736860231,18.6335820002685,10066.27514665,10038.67983463,1992.77448073685,2020.36979275685,NA,main,main
35,5,17.86833999,121.964320841357,30.0779143296908,122.235143146659,29.9514103194725,10066.76457296,10048.89623297,2002.99087907685,2020.85921906685,SC2_MG772933.1,main,main
35,6,17.86833999,121.964320841357,30.0779143296908,121.968726103971,30.1874831097306,10066.76457296,10048.89623297,2002.99087907685,2020.85921906685,SC2_MG772934.1,main,main
43,19,45.05325315,101.929527770131,18.9093882454755,101.549406336476,21.31597010954,10066.76457322,10021.71132007,1975.80596617685,2020.85921932685,SC2_EPI_ISL_412977,main,main
44,14,32.7153896,102.012510506012,18.9460412795558,102.265845555775,18.7727359109255,10066.76457322,10034.04918362,1988.14382972685,2020.85921932685,SC2_MZ937000.1,main,main
46,16,28.08473859,102.112813079924,18.5906366180687,101.914700753915,18.5634059929203,10066.76457322,10038.67983463,1992.77448073685,2020.85921932685,SC2_MZ937001.1,main,main
47,17,0.4894265751,102.341736860231,18.6335820002685,102.042737527862,18.9095242509956,10066.7645732251,10066.27514665,2020.36979275685,2020.85921933195,SC2_MZ937004.1,main,main
47,18,0.4894265751,102.341736860231,18.6335820002685,102.387886168724,18.6393785843145,10066.7645732251,10066.27514665,2020.36979275685,2020.85921933195,SC2_MZ937002.1,main,main
34,36,47.0356521135,110.105316817972,27.010210584257,110.71097037416,27.1112047345609,10067.06317837,10019.72892085,1973.82356695685,2020.85921907035,NA,main,main
