node1,node2,length,startLon,startLat,endLon,endLat,endNodeL,startNodeL,startYear,endYear,tipLabel,startClade,endClade
44,45,13.09522799,101.871062398449,18.4449330410804,101.993670625653,18.5893998833837,5227.69393506,5214.59870707,1972.06329768685,1985.15852567685,NA,main,main
34,36,14.72140496,113.813075184213,25.8397383237784,122.223478152414,29.9281133507705,5244.00803004,5229.28662508,1986.75121569685,2001.47262065685,NA,main,main
47,48,19.68749458,102.108880540723,18.7811182686937,102.766529036906,18.7924413760261,5261.16393283,5241.47643825,1998.94102886685,2018.62852344685,NA,main,main
34,35,32.82615487,113.813075184213,25.8397383237784,113.81575653895,25.9813524814825,5262.11277995,5229.28662508,1986.75121569685,2019.57737056685,NA,main,main
48,17,2.280618998,102.766529036906,18.7924413760261,102.042737527862,18.9095242509956,5263.444551828,5261.16393283,2018.62852344685,2020.90914244485,SC2_MZ937004.1,main,main
48,18,2.280618998,102.766529036906,18.7924413760261,102.387886168724,18.6393785843145,5263.444551828,5261.16393283,2018.62852344685,2020.90914244485,SC2_MZ937002.1,main,main
44,19,48.84584476,101.871062398449,18.4449330410804,101.549406336476,21.31597010954,5263.44455183,5214.59870707,1972.06329768685,2020.90914244685,SC2_EPI_ISL_412977,main,main
45,14,35.75061677,101.993670625653,18.5893998833837,102.265845555775,18.7727359109255,5263.44455183,5227.69393506,1985.15852567685,2020.90914244685,SC2_MZ937000.1,main,main
47,16,21.96811358,102.108880540723,18.7811182686937,101.914700753915,18.5634059929203,5263.44455183,5241.47643825,1998.94102886685,2020.90914244685,SC2_MZ937001.1,main,main
35,7,1.331772314,113.81575653895,25.9813524814825,113.813354670982,25.9518380509747,5263.444552264,5262.11277995,2019.57737056685,2020.90914288085,SC2_OK017803.1,main,main
35,8,1.331772314,113.81575653895,25.9813524814825,113.853262435103,26.0392622732417,5263.444552264,5262.11277995,2019.57737056685,2020.90914288085,SC2_OK017804.1,main,main
36,5,19.43652223,122.223478152414,29.9281133507705,122.235143146659,29.9514103194725,5263.44455227,5244.00803004,2001.47262065685,2020.90914288685,SC2_MG772933.1,main,main
36,6,19.43652223,122.223478152414,29.9281133507705,121.968726103971,30.1874831097306,5263.44455227,5244.00803004,2001.47262065685,2020.90914288685,SC2_MG772934.1,main,main
