node1,node2,length,startLon,startLat,endLon,endLat,endNodeL,startNodeL,startYear,endYear,tipLabel,startClade,endClade
51,52,8.31173433121632,102.497535540684,18.0030373065772,103.060109249968,18.6319771180976,617.597723416476,609.28598908526,1978.57012304173,1986.88185737295,NA,main,main
53,7,2.09490865262156,106.043357476661,13.6310869045572,106.025571580855,13.6185866767675,641.682989331199,639.588080678578,2008.87221463505,2010.96712328767,SC2_EPI_ISL_852604,main,main
53,5,2.09490865262156,106.043357476661,13.6310869045572,106.198014024515,13.6700727826999,641.682989331199,639.588080678578,2008.87221463505,2010.96712328767,SC2_EPI_ISL_852605,main,main
36,27,26.0269249284849,122.629120686498,30.113506025322,122.031505904294,30.2258490125915,646.250112618871,620.223187690386,1989.50732164686,2015.53424657534,SC2_MG772934.1,main,main
36,4,27.6159660243752,122.629120686498,30.113506025322,121.944904559384,29.8213921661912,647.839153714761,620.223187690386,1989.50732164686,2017.12328767123,SC2_MG772933.1,main,main
49,50,23.6920647826146,102.140229886792,18.5705620681457,102.181287887663,18.5556996113408,648.998248265263,625.306183482649,1994.59031743912,2018.28238222174,NA,main,main
51,16,40.9476851774464,102.497535540684,18.0030373065772,101.631997385154,21.7048438877999,650.233674262706,609.28598908526,1978.57012304173,2019.51780821918,SC2_EPI_ISL_412977,main,main
52,12,33.6646955127469,103.060109249968,18.6319771180976,102.03696923572,18.4967133276505,651.262418929223,617.597723416476,1986.88185737295,2020.54655288569,SC2_MZ937000.1,main,main
49,20,25.9616999274489,102.140229886792,18.5705620681457,102.150733421149,18.8788260604114,651.267883410098,625.306183482649,1994.59031743912,2020.55201736657,SC2_MZ937001.1,main,main
50,22,2.26963514483432,102.181287887663,18.5556996113408,102.370886738208,18.8198812107559,651.267883410098,648.998248265263,2018.28238222174,2020.55201736657,SC2_MZ937002.1,main,main
50,26,2.2778318661457,102.181287887663,18.5556996113408,102.270798287532,18.417084213827,651.276080131409,648.998248265263,2018.28238222174,2020.56021408788,SC2_MZ937004.1,main,main
35,13,0.29270255747785,111.449970144,27.7068810752848,111.534339878337,27.7404933961567,651.839153714761,651.546451157283,2020.83058511375,2021.12328767123,SC2_OK017803.1,main,main
35,21,0.29270255747785,111.449970144,27.7068810752848,111.742176852099,27.8414871694555,651.839153714761,651.546451157283,2020.83058511375,2021.12328767123,SC2_OK017804.1,main,main
