node1,node2,length,startLon,startLat,endLon,endLat,endNodeL,startNodeL,startYear,endYear,tipLabel,startClade,endClade
44,45,10.70813008,101.686474990811,21.5971756055294,101.463997860175,21.5410351882478,24166.00504983,24155.29691975,1979.02064076685,1989.72877084685,NA,main,main
44,50,15.00939765,101.686474990811,21.5971756055294,101.7666089228,21.4186438973088,24170.3063174,24155.29691975,1979.02064076685,1994.03003841685,NA,main,main
45,46,11.53876136,101.463997860175,21.5410351882478,102.119197649824,18.5425228266349,24177.54381119,24166.00504983,1989.72877084685,2001.26753220685,NA,main,main
46,47,17.73139243,102.119197649824,18.5425228266349,102.103549425984,18.5195271785098,24195.27520362,24177.54381119,2001.26753220685,2018.99892463685,NA,main,main
39,7,4.937776036,122.349589833009,29.8866177224996,122.087860402606,30.2088975519636,24196.471142346,24191.53336631,2015.25708732685,2020.19486336285,SC2_MG772934.1,main,main
39,8,4.937776036,122.349589833009,29.8866177224996,122.42388374655,29.8790335727592,24196.471142346,24191.53336631,2015.25708732685,2020.19486336285,SC2_MG772933.1,main,main
52,18,21.09190758,101.404608740715,21.82358451174,101.36128267179,21.6590596956329,24196.47114235,24175.37923477,1999.10295578685,2020.19486336685,SC2_MZ081381.1,main,main
46,17,18.92733116,102.119197649824,18.5425228266349,102.32122808221,18.5456538831785,24196.47114235,24177.54381119,2001.26753220685,2020.19486336685,SC2_MZ937001.1,main,main
47,16,1.195938733,102.103549425984,18.5195271785098,101.975777618016,18.4772426391244,24196.471142353,24195.27520362,2018.99892463685,2020.19486336985,SC2_MZ937000.1,main,main
45,12,30.46609253,101.463997860175,21.5410351882478,101.729736822789,21.5244221999877,24196.47114236,24166.00504983,1989.72877084685,2020.19486337685,SC2_MW703458.1,main,main
50,20,26.16482496,101.7666089228,21.4186438973088,101.662004577744,21.3696907713875,24196.47114236,24170.3063174,1994.03003841685,2020.19486337685,SC2_EPI_ISL_412977,main,main
50,51,26.1648249587,101.7666089228,21.4186438973088,106.356652419234,13.6282021160958,24196.97180223,24170.3063174,1994.03003841685,2020.19486337555,NA,main,main
47,48,1.1959387334,102.103549425984,18.5195271785098,102.266651996756,18.4416662310765,24197.049878035,24195.27520362,2018.99892463685,2020.19486337025,NA,main,main
