node1,node2,length,startLon,startLat,endLon,endLat,endNodeL,startNodeL,startYear,endYear,tipLabel,startClade,endClade
40,41,7.951390962,101.633489387222,21.6209203658735,101.593934616952,21.5933261335899,27477.189937932,27469.23854697,1973.17682067685,1981.12821163885,NA,main,main
44,45,9.853976052,101.435232704138,21.5171585631519,102.204944094173,18.447396081492,27491.809379082,27481.95540303,1985.89367673685,1995.74765278885,NA,main,main
40,43,25.9642729,101.633489387222,21.6209203658735,101.165890795879,22.0351147490648,27495.20281987,27469.23854697,1973.17682067685,1999.14109357685,NA,main,main
45,46,23.18035683,102.204944094173,18.447396081492,102.220773289689,18.4672049877145,27514.989735912,27491.809379082,1995.74765278885,2018.92800961885,NA,main,main
44,12,34.36138246,101.435232704138,21.5171585631519,101.683320399796,22.4929524476181,27516.31678549,27481.95540303,1985.89367673685,2020.25505919685,SC2_MW703458.1,main,main
43,18,21.11396562,101.165890795879,22.0351147490648,101.36128267179,21.6590596956329,27516.31678549,27495.20281987,1999.14109357685,2020.25505919685,SC2_MZ081381.1,main,main
46,16,1.327049578,102.220773289689,18.4672049877145,101.975777618016,18.4772426391244,27516.31678549,27514.989735912,2018.92800961885,2020.25505919685,SC2_MZ937000.1,main,main
53,7,3.703003481,122.386215161725,30.1414745979357,122.087860402606,30.2088975519636,27516.316785491,27512.61378201,2016.55205571685,2020.25505919785,SC2_MG772934.1,main,main
53,8,3.703003481,122.386215161725,30.1414745979357,122.42388374655,29.8790335727592,27516.316785491,27512.61378201,2016.55205571685,2020.25505919785,SC2_MG772933.1,main,main
41,20,39.12684756,101.593934616952,21.5933261335899,101.662004577744,21.3696907713875,27516.316785492,27477.189937932,1981.12821163885,2020.25505919885,SC2_EPI_ISL_412977,main,main
45,17,24.50740641,102.204944094173,18.447396081492,102.32122808221,18.5456538831785,27516.316785492,27491.809379082,1995.74765278885,2020.25505919885,SC2_MZ937001.1,main,main
46,47,1.3270495775,102.220773289689,18.4672049877145,102.223920439976,18.5246744579338,27516.464880479,27514.989735912,2018.92800961885,2020.25505919635,NA,main,main
41,42,39.1268475644,101.593934616952,21.5933261335899,106.335988631519,13.8624748889169,27517.259832682,27477.189937932,1981.12821163885,2020.25505920325,NA,main,main
