node1,node2,length,startLon,startLat,endLon,endLat,endNodeL,startNodeL,startYear,endYear,tipLabel,startClade,endClade
39,40,3.55557591517154,101.965656541612,18.6360651604621,102.16150158702,18.7698097098177,716.40957380375,712.853997888578,1976.21394104373,1979.76951695891,NA,main,main
32,33,12.8716395419706,104.638035151411,15.1592593891253,106.013856573494,13.7201857880298,744.261666388994,731.390026847024,1994.74997000218,2007.62160954415,NA,main,main
33,19,3.34551374351997,106.013856573494,13.7201857880298,106.165125151673,13.8341409076941,747.607180132514,744.261666388994,2007.62160954415,2010.96712328767,SC2_EPI_ISL_852605,main,main
33,26,3.34551374351997,106.013856573494,13.7201857880298,106.205224160505,13.4815091468357,747.607180132514,744.261666388994,2007.62160954415,2010.96712328767,SC2_EPI_ISL_852604,main,main
40,41,39.497791508897,102.16150158702,18.7698097098177,102.27242119463,18.7413854533723,755.907365312647,716.40957380375,1979.76951695891,2019.2673084678,NA,main,main
40,4,39.7482912602717,102.16150158702,18.7698097098177,101.391240759984,21.3247699657235,756.157865064021,716.40957380375,1979.76951695891,2019.51780821918,SC2_EPI_ISL_412977,main,main
32,7,25.7528670365199,104.638035151411,15.1592593891253,101.019560828622,13.9066986832298,757.142893883544,731.390026847024,1994.74997000218,2020.5028370387,SC2_MW251308.1,main,main
39,22,44.33261184196,101.965656541612,18.6360651604621,101.939143015996,18.6619463993947,757.186609730538,712.853997888578,1976.21394104373,2020.54655288569,SC2_MZ937000.1,main,main
41,21,1.28470889876594,102.27242119463,18.7413854533723,102.249315428563,18.8574293711575,757.192074211413,755.907365312647,2019.2673084678,2020.55201736657,SC2_MZ937002.1,main,main
37,3,31.6010672452744,101.598075955033,19.0591912444337,102.047216866555,18.4471353926644,757.200270932724,725.59920368745,1988.95914684261,2020.56021408788,SC2_MZ937003.1,main,main
41,6,1.29290562007732,102.27242119463,18.7413854533723,102.293110327205,18.5370161388232,757.200270932724,755.907365312647,2019.2673084678,2020.56021408788,SC2_MZ937004.1,main,main
51,25,0.449267863496731,113.283962105302,26.8144585420809,113.402690239374,26.782996046035,757.763344516076,757.314076652579,2020.67401980774,2021.12328767123,SC2_OK017803.1,main,main
51,15,0.449267863496731,113.283962105302,26.8144585420809,113.299221336869,26.8344421007914,757.763344516076,757.314076652579,2020.67401980774,2021.12328767123,SC2_OK017804.1,main,main
