node1,node2,length,startLon,startLat,endLon,endLat,endNodeL,startNodeL,startYear,endYear,tipLabel,startClade,endClade
42,43,8.755574041,103.877989588337,23.1527461026271,103.500187317613,23.1483862468836,10087.586615561,10078.83104152,1979.24108416285,1987.99665820385,NA,main,main
42,48,21.95328966,103.877989588337,23.1527461026271,103.59348012922,23.0112016648142,10100.78433118,10078.83104152,1979.24108416285,2001.19437382285,NA,main,main
43,44,23.89407662,103.500187317613,23.1483862468836,102.396916311325,18.5133439120081,10111.480692181,10087.586615561,1987.99665820385,2011.89073482385,NA,main,main
48,49,12.46790398,103.59348012922,23.0112016648142,101.418598367851,21.5577439032139,10113.25223516,10100.78433118,2001.19437382285,2013.66227780285,NA,main,main
43,8,32.17352058,103.500187317613,23.1483862468836,101.046029109238,13.9235002878323,10119.760136141,10087.586615561,1987.99665820385,2020.17017878385,SC2_MW251308.1,main,main
49,5,6.507900981,101.418598367851,21.5577439032139,101.417380397696,21.3471932288231,10119.760136141,10113.25223516,2013.66227780285,2020.17017878385,SC2_EPI_ISL_412977,main,main
49,6,6.507900981,101.418598367851,21.5577439032139,101.373945498446,21.6392275348893,10119.760136141,10113.25223516,2013.66227780285,2020.17017878385,SC2_MZ081381.1,main,main
32,21,39.22123062,110.583094345001,29.3864085170419,109.852274837894,28.4324321368718,10119.76013663,10080.53890601,1980.94894865285,2020.17017927285,SC2_OK017805.1,main,main
34,22,7.04040833,105.403452511972,27.8994156573305,105.007663226182,27.9025237019709,10119.76013663,10112.7197283,2013.12977094285,2020.17017927285,SC2_MW703458.1,main,main
34,23,7.04040833,105.403452511972,27.8994156573305,105.119109850219,28.0416891321445,10119.76013663,10112.7197283,2013.12977094285,2020.17017927285,SC2_OK017806.1,main,main
44,45,8.2794439592,102.396916311325,18.5133439120081,102.358597298079,18.5526238676587,10119.947371514,10111.480692181,2011.89073482385,2020.17017878305,NA,main,main
44,46,8.279443959,102.396916311325,18.5133439120081,102.392060406423,18.5193253727749,10120.095152367,10111.480692181,2011.89073482385,2020.17017878285,NA,main,main
32,33,39.2212306235,110.583094345001,29.3864085170419,109.748480224714,28.9243655090135,10120.63605045,10080.53890601,1980.94894865285,2020.17017927635,NA,main,main
