node1,node2,length,startLon,startLat,endLon,endLat,endNodeL,startNodeL,startYear,endYear,tipLabel,startClade,endClade
33,34,8.251429448,104.491832215902,20.979200198626,100.961386369358,20.7848081700186,10271.123781818,10262.87235237,1989.43799567355,1997.68942512155,NA,main,main
33,36,9.960398863,104.491832215902,20.979200198626,101.16193520759,17.9447102226343,10272.832751233,10262.87235237,1989.43799567355,1999.39839453655,NA,main,main
34,35,10.74235813,100.961386369358,20.7848081700186,101.323541847264,21.471239644358,10281.866139948,10271.123781818,1997.68942512155,2008.43178325155,NA,main,main
36,37,11.23061863,101.16193520759,17.9447102226343,101.658153110288,17.9435322686736,10284.063369863,10272.832751233,1999.39839453655,2010.62901316655,NA,main,main
51,22,11.48985958,104.759239941586,23.2056041905856,104.760735030433,23.2994452302316,10293.53482358,10282.044964,2008.61060730355,2020.10046688355,SC2_MW703458.1,main,main
51,23,11.48985958,104.759239941586,23.2056041905856,104.297214825168,23.2031732479309,10293.53482358,10282.044964,2008.61060730355,2020.10046688355,SC2_OK017806.1,main,main
49,21,41.58917455,108.159970421514,25.5884136952852,109.485930233094,26.6585887187421,10293.53482365,10251.9456491,1978.51129240355,2020.10046695355,SC2_OK017805.1,main,main
36,8,20.70207305,101.16193520759,17.9447102226343,101.046029109238,13.9235002878323,10293.534824283,10272.832751233,1999.39839453655,2020.10046758655,SC2_MW251308.1,main,main
35,5,11.66868434,101.323541847264,21.471239644358,101.417380397696,21.3471932288231,10293.534824288,10281.866139948,2008.43178325155,2020.10046759155,SC2_EPI_ISL_412977,main,main
35,6,11.66868434,101.323541847264,21.471239644358,101.373945498446,21.6392275348893,10293.534824288,10281.866139948,2008.43178325155,2020.10046759155,SC2_MZ081381.1,main,main
37,38,9.471454423,101.658153110288,17.9435322686736,102.345830603843,18.5925176309994,10293.705687229,10284.063369863,2010.62901316655,2020.10046758955,NA,main,main
37,39,9.4714544223,101.658153110288,17.9435322686736,102.319669749469,18.5122858921268,10293.793333305,10284.063369863,2010.62901316655,2020.10046758885,NA,main,main
49,50,41.5891745558,108.159970421514,25.5884136952852,111.272902132136,25.3047903570674,10294.34105009,10251.9456491,1978.51129240355,2020.10046695935,NA,main,main
