node1,node2,length,startLon,startLat,endLon,endLat,endNodeL,startNodeL,startYear,endYear,tipLabel,startClade,endClade
33,35,15.1654844432255,114.559640125527,33.0229733232986,121.896710175504,29.7012605058985,467.778614972963,452.613130529738,1979.70211494236,1994.86759938558,NA,main,main
45,7,0.239806036715215,106.189039809508,13.6521327987384,106.025571580855,13.6185866767675,483.878138875052,483.638332838337,2010.72731725096,2010.96712328767,SC2_EPI_ISL_852604,main,main
45,5,0.239806036715215,106.189039809508,13.6521327987384,106.198014024515,13.6700727826999,483.878138875052,483.638332838337,2010.72731725096,2010.96712328767,SC2_EPI_ISL_852605,main,main
35,27,20.6666471897601,121.896710175504,29.7012605058985,122.031505904294,30.2258490125915,488.445262162723,467.778614972963,1994.86759938558,2015.53424657534,SC2_MG772934.1,main,main
35,4,22.2556882856503,121.896710175504,29.7012605058985,121.944904559384,29.8213921661912,490.034303258614,467.778614972963,1994.86759938558,2017.12328767123,SC2_MG772933.1,main,main
50,51,30.6895719589171,102.083095682353,18.8790681965389,102.271956466284,18.4258870666433,490.633870329014,459.944298370097,1987.03328278272,2017.72285474163,NA,main,main
33,34,40.7364406553873,114.559640125527,33.0229733232986,110.482072194596,28.1232042494687,493.349571185125,452.613130529738,1979.70211494236,2020.43855559774,NA,main,main
53,12,43.3670083649047,102.718426347345,21.1461613972977,102.03696923572,18.4967133276505,493.457568473076,450.090560108171,1977.17954452079,2020.54655288569,SC2_MZ937000.1,main,main
50,20,33.5187345838532,102.083095682353,18.8790681965389,102.150733421149,18.8788260604114,493.46303295395,459.944298370097,1987.03328278272,2020.55201736657,SC2_MZ937001.1,main,main
51,22,2.82916262493611,102.271956466284,18.4258870666433,102.370886738208,18.8198812107559,493.46303295395,490.633870329014,2017.72285474163,2020.55201736657,SC2_MZ937002.1,main,main
51,26,2.83735934624749,102.271956466284,18.4258870666433,102.270798287532,18.417084213827,493.471229675262,490.633870329014,2017.72285474163,2020.56021408788,SC2_MZ937004.1,main,main
34,13,0.684732073488574,110.482072194596,28.1232042494687,109.503818265472,27.9478712103262,494.034303258614,493.349571185125,2020.43855559774,2021.12328767123,SC2_OK017803.1,main,main
34,21,0.684732073488574,110.482072194596,28.1232042494687,110.479566919938,28.1270615192582,494.034303258614,493.349571185125,2020.43855559774,2021.12328767123,SC2_OK017804.1,main,main
