node1,node2,length,startLon,startLat,endLon,endLat,endNodeL,startNodeL,startYear,endYear,tipLabel,startClade,endClade
34,36,14.0356192899736,111.356212741923,28.6496188225796,122.086372502303,27.7139991651141,515.100070339567,501.064451049593,1973.53997748293,1987.5755967729,NA,main,main
45,7,0.0834677039203093,106.062642408957,13.6213066569683,106.025571580855,13.6185866767675,538.491596854339,538.408129150418,2010.88365558375,2010.96712328767,SC2_EPI_ISL_852604,main,main
45,5,0.0834677039203093,106.062642408957,13.6213066569683,106.198014024515,13.6700727826999,538.491596854339,538.408129150418,2010.88365558375,2010.96712328767,SC2_EPI_ISL_852605,main,main
36,27,27.9586498024429,122.086372502303,27.7139991651141,122.031505904294,30.2258490125915,543.05872014201,515.100070339567,1987.5755967729,2015.53424657534,SC2_MG772934.1,main,main
36,4,29.5476908983332,122.086372502303,27.7139991651141,121.944904559384,29.8213921661912,544.6477612379,515.100070339567,1987.5755967729,2017.12328767123,SC2_MG772933.1,main,main
50,51,31.3503216375117,101.904649831457,18.803405126548,102.247360181003,18.4444729560975,544.881246223558,513.530924586046,1986.00645101938,2017.35677265689,NA,main,main
34,35,46.9661226347453,111.356212741923,28.6496188225796,110.716035616465,28.5643897438438,548.030573684339,501.064451049593,1973.53997748293,2020.50610011767,NA,main,main
50,20,34.5455663471905,101.904649831457,18.803405126548,102.150733421149,18.8788260604114,548.076490933237,513.530924586046,1986.00645101938,2020.55201736657,SC2_MZ937001.1,main,main
51,22,3.19524470967871,102.247360181003,18.4444729560975,102.370886738208,18.8198812107559,548.076490933237,544.881246223558,2017.35677265689,2020.55201736657,SC2_MZ937002.1,main,main
51,26,3.20344143099009,102.247360181003,18.4444729560975,102.270798287532,18.417084213827,548.084687654548,544.881246223558,2017.35677265689,2020.56021408788,SC2_MZ937004.1,main,main
35,13,0.617187553561452,110.716035616465,28.5643897438438,110.393241510186,28.5231310210883,548.6477612379,548.030573684339,2020.50610011767,2021.12328767123,SC2_OK017803.1,main,main
35,21,0.617187553561452,110.716035616465,28.5643897438438,110.953266762004,28.6019432707142,548.6477612379,548.030573684339,2020.50610011767,2021.12328767123,SC2_OK017804.1,main,main
