node1,node2,length,startLon,startLat,endLon,endLat,endNodeL,startNodeL,startYear,endYear,tipLabel,startClade,endClade
35,7,0.235762611542977,106.07376779277,13.646051977109,106.025571580855,13.6185866767675,588.919091762002,588.683329150459,2010.73136067613,2010.96712328767,SC2_EPI_ISL_852604,main,main
35,5,0.235762611542977,106.07376779277,13.646051977109,106.198014024515,13.6700727826999,588.919091762002,588.683329150459,2010.73136067613,2010.96712328767,SC2_EPI_ISL_852605,main,main
52,27,31.813303569209,121.999869011869,30.23963324301,122.031505904294,30.2258490125915,593.486215049674,561.672911480465,1983.72094300613,2015.53424657534,SC2_MG772934.1,main,main
42,43,29.3145812043738,102.168998895252,18.7145720304448,102.561421967112,18.9443248308846,594.394976418306,565.080395213932,1987.1284267396,2016.44300794397,NA,main,main
52,4,33.4023446650993,121.999869011869,30.23963324301,121.944904559384,29.8213921661912,595.075256145564,561.672911480465,1983.72094300613,2017.12328767123,SC2_MG772933.1,main,main
50,51,43.0851416973207,113.266179657441,27.8393697758817,113.304781004205,28.6764584161664,597.396771371848,554.311629674528,1976.3596612002,2019.44480289752,NA,main,main
40,12,36.9710173324755,104.288334498209,24.2229122823065,102.03696923572,18.4967133276505,598.498521360026,561.527504027551,1983.57553555322,2020.54655288569,SC2_MZ937000.1,main,main
42,20,33.4235906269687,102.168998895252,18.7145720304448,102.150733421149,18.8788260604114,598.503985840901,565.080395213932,1987.1284267396,2020.55201736657,SC2_MZ937001.1,main,main
43,22,4.10900942259491,102.561421967112,18.9443248308846,102.370886738208,18.8198812107559,598.503985840901,594.394976418306,2016.44300794397,2020.55201736657,SC2_MZ937002.1,main,main
43,26,4.11720614390629,102.561421967112,18.9443248308846,102.270798287532,18.417084213827,598.512182562212,594.394976418306,2016.44300794397,2020.56021408788,SC2_MZ937004.1,main,main
51,13,1.67848477371559,113.304781004205,28.6764584161664,113.823393859783,28.9937297986036,599.075256145564,597.396771371848,2019.44480289752,2021.12328767123,SC2_OK017803.1,main,main
51,21,1.67848477371559,113.304781004205,28.6764584161664,113.128362177431,28.7205141317145,599.075256145564,597.396771371848,2019.44480289752,2021.12328767123,SC2_OK017804.1,main,main
50,25,44.8403387998034,113.266179657441,27.8393697758817,110.092456890553,28.1163033486596,599.151968474331,554.311629674528,1976.3596612002,2021.2,SC2_OK017805.1,main,main
