node1,node2,length,startLon,startLat,endLon,endLat,endNodeL,startNodeL,startYear,endYear,tipLabel
48,49,43.76242447,102.256744834261,18.4333426003132,101.988803920843,18.3400511959456,12372.90348991,12329.14106544,1971.44351033296,2015.20593480296,NA
50,51,1.688281603,107.920563860606,22.2330596679835,107.942034308479,22.2707424371457,12377.649122603,12375.960841,2018.26328589296,2019.95156749596,NA
50,10,2.476351064,107.920563860606,22.2330596679835,108.168255953026,22.4316235840322,12378.437192064,12375.960841,2018.26328589296,2020.73963695696,SC2_MT040336.1
51,13,0.7880694612,107.942034308479,22.2707424371457,108.207236283233,22.4351089987495,12378.4371920642,12377.649122603,2019.95156749596,2020.73963695716,SC2_MT040335.1
36,4,27.92786658,122.12820394857,30.1767091088599,122.058113115213,30.2246123865524,12378.43719242,12350.50932584,1992.81177073296,2020.73963731296,SC2_MG772934.1
36,5,27.92786658,122.12820394857,30.1767091088599,122.234380664167,29.8739914128459,12378.43719242,12350.50932584,1992.81177073296,2020.73963731296,SC2_MG772933.1
35,6,2.557675973,113.556410768759,27.8464675034336,113.513787906725,27.8448998896388,12378.437192423,12375.87951645,2018.18196134296,2020.73963731596,SC2_OK017804.1
35,7,2.557675973,113.556410768759,27.8464675034336,112.523403971785,27.1796788627213,12378.437192423,12375.87951645,2018.18196134296,2020.73963731596,SC2_OK017803.1
49,19,5.533702629,101.988803920843,18.3400511959456,102.170404996364,18.4861487839638,12378.437192539,12372.90348991,2015.20593480296,2020.73963743196,SC2_MZ937004.1
49,20,5.533702629,101.988803920843,18.3400511959456,102.073051196129,18.8646717807466,12378.437192539,12372.90348991,2015.20593480296,2020.73963743196,SC2_MZ937002.1
48,21,49.2961271,102.256744834261,18.4333426003132,102.275108586747,18.4698627467013,12378.43719254,12329.14106544,1971.44351033296,2020.73963743296,SC2_MZ937001.1
46,17,47.28016526,101.998580727466,18.4013098401148,101.899359626859,18.5088616412165,12378.43719255,12331.15702729,1973.45947218296,2020.73963744296,SC2_MZ937000.1
46,16,47.28016526,101.998580727466,18.4013098401148,114.093488607582,30.6406427829324,12378.43719255,12331.15702729,1973.45947218296,2020.73963744296,SC2_MN908947.3
51,52,0.7880694616,107.942034308479,22.2707424371457,108.077161020333,22.4002199461835,12378.931985519,12377.649122603,2019.95156749596,2020.73963695756,NA
