node1,node2,length,startLon,startLat,endLon,endLat,endNodeL,startNodeL,startYear,endYear,tipLabel
51,52,12.72660489,114.839228509175,27.7082217151162,121.504708258537,29.6758213943697,11737.65812169,11724.9315168,1994.29599516205,2007.02260005205,NA
51,53,25.90576033,114.839228509175,27.7082217151162,113.601562962529,27.3174794389643,11750.83727713,11724.9315168,1994.29599516205,2020.20175549205,NA
40,41,30.28084078,103.800474413085,19.909278336014,102.264225647302,18.5216077268604,11750.84573278,11720.564892,1989.92937036205,2020.21021114205,NA
44,10,2.614502142,109.022959865641,24.1377396740268,109.383705416594,24.3376561528816,11751.081504142,11748.467002,2017.83148036205,2020.44598250405,SC2_MT040336.1
35,25,0.5698300643,106.216745943627,14.0515836634759,106.101794591048,13.9575640636761,11751.0815041643,11750.5116741,2019.87615246205,2020.44598252635,SC2_EPI_ISL_852605
35,26,0.5698300643,106.216745943627,14.0515836634759,106.304447708693,13.5736435692761,11751.0815041643,11750.5116741,2019.87615246205,2020.44598252635,SC2_EPI_ISL_852604
41,19,0.2357713872,102.264225647302,18.5216077268604,102.170404996364,18.4861487839638,11751.0815041672,11750.84573278,2020.21021114205,2020.44598252925,SC2_MZ937004.1
41,20,0.2357713872,102.264225647302,18.5216077268604,102.073051196129,18.8646717807466,11751.0815041672,11750.84573278,2020.21021114205,2020.44598252925,SC2_MZ937002.1
40,21,30.51661217,103.800474413085,19.909278336014,102.275108586747,18.4698627467013,11751.08150417,11720.564892,1989.92937036205,2020.44598253205,SC2_MZ937001.1
53,6,0.2442274373,113.601562962529,27.3174794389643,112.399755529353,26.5667304599331,11751.0815045673,11750.83727713,2020.20175549205,2020.44598292935,SC2_OK017804.1
53,7,0.2442274373,113.601562962529,27.3174794389643,113.552707322755,27.3399851994228,11751.0815045673,11750.83727713,2020.20175549205,2020.44598292935,SC2_OK017803.1
52,4,13.42338288,121.504708258537,29.6758213943697,122.058113115213,30.2246123865524,11751.08150457,11737.65812169,2007.02260005205,2020.44598293205,SC2_MG772934.1
52,5,13.42338288,121.504708258537,29.6758213943697,122.234380664167,29.8739914128459,11751.08150457,11737.65812169,2007.02260005205,2020.44598293205,SC2_MG772933.1
44,45,2.61450214226,109.022959865641,24.1377396740268,108.840913249516,24.1632901381847,11751.093008673,11748.467002,2017.83148036205,2020.44598250431,NA
