node1,node2,length,startLon,startLat,endLon,endLat,endNodeL,startNodeL,startYear,endYear,tipLabel,startClade,endClade
51,53,28.35375746,112.130592691942,27.809667992604,100.751670637738,26.76486823254,11194.99700334,11166.64324588,1980.62177112685,2008.97552858685,NA,main,main
36,37,26.98034398,102.033405008263,18.6517075677799,102.059807945868,18.5431236011758,11204.70658119,11177.72623721,1991.70476245685,2018.68510643685,NA,main,main
36,39,28.24361728,102.033405008263,18.6517075677799,102.176130496945,18.7997299916002,11205.96985449,11177.72623721,1991.70476245685,2019.94837973685,NA,main,main
53,5,11.20554797,100.751670637738,26.76486823254,104.418458764577,25.9923974367569,11206.20255131,11194.99700334,2008.97552858685,2020.18107655685,SC2_MW703458.1,main,main
53,6,11.20554797,100.751670637738,26.76486823254,99.649370275753,26.440727934603,11206.20255131,11194.99700334,2008.97552858685,2020.18107655685,SC2_OK017806.1,main,main
34,17,32.58012868,104.160975540522,22.137969705627,101.363724433962,23.3260787007766,11206.20255142,11173.62242274,1987.60094798685,2020.18107666685,SC2_MN996532.2,main,main
40,15,28.62576801,101.605187431188,21.2724773947141,101.554767699655,21.5231636315378,11206.20255142,11177.57678341,1991.55530865685,2020.18107666685,SC2_EPI_ISL_412977,main,main
40,16,28.62576801,101.605187431188,21.2724773947141,101.598645517517,21.3043449496402,11206.20255142,11177.57678341,1991.55530865685,2020.18107666685,SC2_MZ081381.1,main,main
37,12,1.495970232,102.059807945868,18.5431236011758,102.130137718093,18.5924409767077,11206.202551422,11204.70658119,2018.68510643685,2020.18107666885,SC2_MZ937001.1,main,main
39,13,0.2326969391,102.176130496945,18.7997299916002,102.005692387191,18.86370618786,11206.2025514291,11205.96985449,2019.94837973685,2020.18107667595,SC2_MZ937002.1,main,main
39,14,0.2326969391,102.176130496945,18.7997299916002,102.39702796391,18.8255564384187,11206.2025514291,11205.96985449,2019.94837973685,2020.18107667595,SC2_MZ937004.1,main,main
37,38,1.495970232,102.059807945868,18.5431236011758,101.956941271432,18.4814163198798,11206.808885426,11204.70658119,2018.68510643685,2020.18107666885,NA,main,main
51,52,39.559305437,112.130592691942,27.809667992604,112.443862452317,28.5310225900051,11207.30640626,11166.64324588,1980.62177112685,2020.18107656385,NA,main,main
