node1,node2,length,startLon,startLat,endLon,endLat,endNodeL,startNodeL,startYear,endYear,tipLabel,startClade,endClade
34,36,33.01473625,109.467342750974,27.9486778286341,103.171041504001,24.5292838047918,20632.10109047,20599.08635422,1972.40916401685,2005.42390026685,NA,main,main
45,46,23.56046891,102.071866470502,19.2426432531939,102.114317315324,18.5957819460472,20644.850758332,20621.290289422,1994.61309921885,2018.17356812885,NA,main,main
36,5,14.6064895,103.171041504001,24.5292838047918,103.122433356131,24.5563743480338,20646.70757997,20632.10109047,2005.42390026685,2020.03038976685,SC2_MW703458.1,main,main
36,6,14.6064895,103.171041504001,24.5292838047918,103.011656882415,24.5399160275789,20646.70757997,20632.10109047,2005.42390026685,2020.03038976685,SC2_OK017806.1,main,main
32,3,41.00092926,121.452903547781,28.8807042955224,119.1971790902,28.1197782958594,20646.70758058,20605.70665132,1979.02946111685,2020.03039037685,SC2_KF294457.1,main,main
32,4,41.00092926,121.452903547781,28.8807042955224,122.334202048721,30.0887773302984,20646.70758058,20605.70665132,1979.02946111685,2020.03039037685,SC2_MG772933.1,main,main
42,17,32.4563204,105.51510575066,22.3139433676829,101.363724433962,23.3260787007766,20646.707583,20614.2512626,1987.57407239685,2020.03039279685,SC2_MN996532.2,main,main
44,15,28.67723369,101.426231096575,21.4044491364522,101.554767699655,21.5231636315378,20646.707583002,20618.030349312,1991.35315910885,2020.03039279885,SC2_EPI_ISL_412977,main,main
44,16,28.67723369,101.426231096575,21.4044491364522,101.598645517517,21.3043449496402,20646.707583002,20618.030349312,1991.35315910885,2020.03039279885,SC2_MZ081381.1,main,main
46,12,1.856824678,102.114317315324,18.5957819460472,102.130137718093,18.5924409767077,20646.70758301,20644.850758332,2018.17356812885,2020.03039280685,SC2_MZ937001.1,main,main
46,47,1.8568246776,102.114317315324,18.5957819460472,102.016336608872,18.4934061786853,20647.116464968,20644.850758332,2018.17356812885,2020.03039280645,NA,main,main
45,48,25.4172935819,102.071866470502,19.2426432531939,102.399928525536,18.8265943515866,20647.517055542,20621.290289422,1994.61309921885,2020.03039280075,NA,main,main
34,35,47.621225745,109.467342750974,27.9486778286341,109.820465097492,27.5077993947404,20647.96212171,20599.08635422,1972.40916401685,2020.03038976185,NA,main,main
