node1,node2,length,startLon,startLat,endLon,endLat,endNodeL,startNodeL,startYear,endYear,tipLabel,startClade,endClade
34,35,22.48433906,113.356125730419,28.4577043278301,113.609305958519,28.3833698413148,15501.13758054,15478.65324148,1984.36664532685,2006.85098438685,NA,main,main
44,45,31.82993853,102.03814531006,18.7872315107675,101.880114508101,18.5095813808503,15513.0261583,15481.19621977,1986.90962361685,2018.73956214685,NA,main,main
42,17,42.01415098,102.028204492683,23.3116864523578,101.363724433962,23.3260787007766,15514.57418505,15472.56003407,1978.27343791685,2020.28758889685,SC2_MN996532.2,main,main
48,15,27.72355298,101.176439245865,20.8183594422015,101.554767699655,21.5231636315378,15514.57418505,15486.85063207,1992.56403591685,2020.28758889685,SC2_EPI_ISL_412977,main,main
48,16,27.72355298,101.176439245865,20.8183594422015,101.598645517517,21.3043449496402,15514.57418505,15486.85063207,1992.56403591685,2020.28758889685,SC2_MZ081381.1,main,main
45,12,1.548026754,101.880114508101,18.5095813808503,102.130137718093,18.5924409767077,15514.574185054,15513.0261583,2018.73956214685,2020.28758890085,SC2_MZ937001.1,main,main
35,5,13.43660942,113.609305958519,28.3833698413148,102.93469118129,25.9650678324646,15514.57418996,15501.13758054,2006.85098438685,2020.28759380685,SC2_MW703458.1,main,main
35,6,13.43660942,113.609305958519,28.3833698413148,101.085843403012,25.4717361584064,15514.57418996,15501.13758054,2006.85098438685,2020.28759380685,SC2_OK017806.1,main,main
44,47,33.3779652823,102.03814531006,18.7872315107675,101.894549539854,18.8106978354652,15514.71533998,15481.19621977,1986.90962361685,2020.28758889915,NA,main,main
45,46,1.5480267532,101.880114508101,18.5095813808503,101.728681782462,18.4719540028962,15515.09540202,15513.0261583,2018.73956214685,2020.28758890005,NA,main,main
34,36,35.920948482,113.356125730419,28.4577043278301,113.026642437528,28.3562812134465,15515.57152766,15478.65324148,1984.36664532685,2020.28759380885,NA,main,main
