node1,node2,length,startLon,startLat,endLon,endLat,endNodeL,startNodeL,startYear,endYear,tipLabel,startClade,endClade
47,48,46.90363988,113.003223556774,28.7705763492189,112.033587488025,26.9836657058178,19926.06887398,19879.1652341,1972.93673390685,2019.84037378685,NA,main,main
38,39,9.913802112,102.198082756229,18.3350496429803,101.997541181756,18.6064263872968,19926.271644882,19916.35784277,2010.12934257685,2020.04314468885,NA,main,main
47,24,47.60836102,113.003223556774,28.7705763492189,113.141619129054,28.2010661288862,19926.77359512,19879.1652341,1972.93673390685,2020.54509492685,SC2_OK017805.1,main,main
48,25,0.704721142,112.033587488025,26.9836657058178,112.769215683419,27.7881787239897,19926.773595122,19926.06887398,2019.84037378685,2020.54509492885,SC2_OK017804.1,main,main
48,26,0.704721142,112.033587488025,26.9836657058178,112.032250358602,27.0424817575076,19926.773595122,19926.06887398,2019.84037378685,2020.54509492885,SC2_OK017803.1,main,main
34,17,2.080388295,101.451319278295,21.4733341430561,101.500000639623,21.4132498214688,19926.773595195,19924.6932069,2018.46470670685,2020.54509500185,SC2_MZ081381.1,main,main
34,18,2.080388295,101.451319278295,21.4733341430561,101.584818127938,21.6478055927705,19926.773595195,19924.6932069,2018.46470670685,2020.54509500185,SC2_EPI_ISL_412977,main,main
42,8,10.30772674,100.608905080157,13.3180991671715,100.982136061725,13.4962725406229,19926.77359524,19916.4658685,2010.23736830685,2020.54509504685,SC2_MW251308.1,main,main
39,12,0.5019503644,101.997541181756,18.6064263872968,101.99980794253,18.6118696170912,19926.7735952464,19926.271644882,2020.04314468885,2020.54509505325,SC2_MZ937000.1,main,main
38,10,10.41575248,102.198082756229,18.3350496429803,102.250109290998,18.4292996710182,19926.77359525,19916.35784277,2010.12934257685,2020.54509505685,SC2_MZ937001.1,main,main
39,40,0.50195036442,101.997541181756,18.6064263872968,102.033600296016,18.6708463016239,19926.8699858466,19926.271644882,2020.04314468885,2020.54509505327,NA,main,main
