node1,node2,length,startLon,startLat,endLon,endLat,endNodeL,startNodeL,startYear,endYear,tipLabel,startClade,endClade
33,35,15.6539276901376,109.807714545257,28.5474736780039,122.844653655883,29.96584850361,542.120415953093,526.466488262955,1974.41677637349,1990.07070406363,NA,main,main
41,5,0.429190245399788,106.408695784403,13.7878437839192,106.359970174019,13.7188697044908,563.016835177131,562.587644931732,2010.53793304227,2010.96712328767,SC2_EPI_ISL_852604,main,main
41,20,0.429190245399788,106.408695784403,13.7878437839192,106.284538772435,13.8102879249338,563.016835177131,562.587644931732,2010.53793304227,2010.96712328767,SC2_EPI_ISL_852605,main,main
35,2,25.4635425117101,122.844653655883,29.96584850361,122.175737002291,30.0677423814016,567.583958464803,542.120415953093,1990.07070406363,2015.53424657534,SC2_MG772934.1,main,main
35,23,27.0525836076003,122.844653655883,29.96584850361,121.971416398833,29.7728348938311,569.172999560693,542.120415953093,1990.07070406363,2017.12328767123,SC2_MG772933.1,main,main
33,34,43.2184359596296,109.807714545257,28.5474736780039,109.893132728177,28.4840191975515,569.684924222585,526.466488262955,1974.41677637349,2017.63521233312,NA,main,main
46,47,28.6619508272615,102.393749280454,18.479653928373,102.242575510496,18.788353300356,571.799329889159,543.137379061898,1991.08766717244,2019.7496179997,NA,main,main
49,27,39.4350344757359,102.145521303345,18.1386065558329,102.117238796413,18.4213927900675,572.596264775155,533.161230299419,1981.11151840996,2020.54655288569,SC2_MZ937000.1,main,main
46,7,29.4643501941321,102.393749280454,18.479653928373,102.397077419984,18.5253344586209,572.60172925603,543.137379061898,1991.08766717244,2020.55201736657,SC2_MZ937001.1,main,main
47,1,0.80239936687058,102.242575510496,18.788353300356,102.242818304409,18.7914082108692,572.60172925603,571.799329889159,2019.7496179997,2020.55201736657,SC2_MZ937002.1,main,main
47,25,0.810596088181958,102.242575510496,18.788353300356,102.235757563947,18.8056671963265,572.609925977341,571.799329889159,2019.7496179997,2020.56021408788,SC2_MZ937004.1,main,main
34,22,3.48807533810825,109.893132728177,28.4840191975515,109.757656969728,28.2560219696865,573.172999560693,569.684924222585,2017.63521233312,2021.12328767123,SC2_OK017804.1,main,main
34,11,3.48807533810825,109.893132728177,28.4840191975515,110.088478589955,28.5542370133189,573.172999560693,569.684924222585,2017.63521233312,2021.12328767123,SC2_OK017803.1,main,main
