node1,node2,length,startLon,startLat,endLon,endLat,endNodeL,startNodeL,startYear,endYear,tipLabel,startClade,endClade
36,37,28.10738703,110.779973460668,26.508714797054,104.790960948179,27.2943216328632,17164.26478181,17136.15739478,1985.82520670685,2013.93259373685,NA,main,main
48,49,1.49190861,101.712553803804,18.5583985976459,101.79945867491,18.521438911923,17170.67641518,17169.18450657,2018.85231849685,2020.34422710685,NA,main,main
37,6,6.572539783,104.790960948179,27.2943216328632,104.692188822524,27.4340463739809,17170.837321593,17164.26478181,2013.93259373685,2020.50513351985,SC2_OK017806.1,main,main
37,7,6.572539783,104.790960948179,27.2943216328632,104.873845592941,27.3421256752202,17170.837321593,17164.26478181,2013.93259373685,2020.50513351985,SC2_MW703458.1,main,main
36,5,34.67992682,110.779973460668,26.508714797054,111.190572689846,26.3296095433818,17170.8373216,17136.15739478,1985.82520670685,2020.50513352685,SC2_OK017805.1,main,main
33,8,27.627293,122.065568911827,29.7987661910458,122.189808835935,29.8116700999121,17170.8373216,17143.2100286,1992.87784052685,2020.50513352685,SC2_MG772934.1,main,main
33,9,27.627293,122.065568911827,29.7987661910458,122.253805137198,29.7551165510837,17170.8373216,17143.2100286,1992.87784052685,2020.50513352685,SC2_MG772933.1,main,main
48,17,1.652815089,101.712553803804,18.5583985976459,101.96883895298,18.8267754683185,17170.837321659,17169.18450657,2018.85231849685,2020.50513358585,SC2_MZ937000.1,main,main
49,18,0.1609064791,101.79945867491,18.521438911923,101.929004878146,18.566631063099,17170.8373216591,17170.67641518,2020.34422710685,2020.50513358595,SC2_MZ937003.1,main,main
49,19,0.1609064791,101.79945867491,18.521438911923,102.314763871959,18.7677917921266,17170.8373216591,17170.67641518,2020.34422710685,2020.50513358595,SC2_MZ937001.1,main,main
40,12,20.54961381,99.9703391491883,15.6580413259354,101.618741427932,21.3169274643084,17170.83732208,17150.28770827,1999.95552019685,2020.50513400685,SC2_EPI_ISL_412977,main,main
40,41,20.5496138113,99.9703391491883,15.6580413259354,102.114169801478,18.4941699763218,17171.61711958,17150.28770827,1999.95552019685,2020.50513400815,NA,main,main
