node1,node2,length,startLon,startLat,endLon,endLat,endNodeL,startNodeL,startYear,endYear,tipLabel,startClade,endClade
34,36,20.64433749,111.184237613995,28.119059224101,110.158964122021,27.2665615890423,11991.22358298,11970.57924549,1980.63656969685,2001.28090718685,NA,main,main
38,39,25.62094073,101.383840060885,14.4318461403326,101.513090727336,17.9449838133479,12003.61696173,11977.996021,1988.05334520685,2013.67428593685,NA,main,main
36,37,16.47485519,110.158964122021,27.2665615890423,104.390097965562,23.8081157223242,12007.69843817,11991.22358298,2001.28090718685,2017.75576237685,NA,main,main
34,35,39.32891361,111.184237613995,28.119059224101,111.183578414299,28.1750191924145,12009.9081591,11970.57924549,1980.63656969685,2019.96548330685,NA,main,main
35,3,0.7561872991,111.183578414299,28.1750191924145,111.325374931188,28.186750940821,12010.6643463991,12009.9081591,2019.96548330685,2020.72167060595,SC2_OK017803.1,main,main
35,4,0.7561872991,111.183578414299,28.1750191924145,110.873117076311,27.6465676053855,12010.6643463991,12009.9081591,2019.96548330685,2020.72167060595,SC2_OK017804.1,main,main
36,5,19.44076342,110.158964122021,27.2665615890423,110.379102489241,27.3616156173957,12010.6643464,11991.22358298,2001.28090718685,2020.72167060685,SC2_OK017805.1,main,main
33,8,18.53382891,122.321016544377,29.8295456717322,122.189808835935,29.8116700999121,12010.6643464,11992.13051749,2002.18784169685,2020.72167060685,SC2_MG772934.1,main,main
33,9,18.53382891,122.321016544377,29.8295456717322,122.253805137198,29.7551165510837,12010.6643464,11992.13051749,2002.18784169685,2020.72167060685,SC2_MG772933.1,main,main
37,6,2.96590823,104.390097965562,23.8081157223242,104.509475275218,23.1991899393535,12010.6643464,12007.69843817,2017.75576237685,2020.72167060685,SC2_OK017806.1,main,main
37,7,2.96590823,104.390097965562,23.8081157223242,104.318461032321,24.0850132813678,12010.6643464,12007.69843817,2017.75576237685,2020.72167060685,SC2_MW703458.1,main,main
38,11,32.66832542,101.383840060885,14.4318461403326,101.222428211504,13.9360548522985,12010.66434642,11977.996021,1988.05334520685,2020.72167062685,SC2_MW251308.1,main,main
39,12,7.047384697,101.513090727336,17.9449838133479,101.618741427932,21.3169274643084,12010.664346427,12003.61696173,2013.67428593685,2020.72167063385,SC2_EPI_ISL_412977,main,main
39,40,7.0473846977,101.513090727336,17.9449838133479,101.849476564262,18.4807797259227,12010.890486172,12003.61696173,2013.67428593685,2020.72167063455,NA,main,main
