node1,node2,length,startLon,startLat,endLon,endLat,endNodeL,startNodeL,startYear,endYear,tipLabel,startClade,endClade
35,36,26.78337816,112.45594247513,28.2613679271576,104.17084626471,25.0012321667696,10136.4827044,10109.69932624,1987.31039895685,2014.09377711685,NA,main,main
47,48,0.9039524911,101.964053530076,18.5761551207248,101.938958102565,18.5573873581268,10141.4974964011,10140.59354391,2018.20461662685,2019.10856911795,NA,main,main
40,12,7.323481317,102.509173785983,20.3216894629212,101.618741427932,21.3169274643084,10143.108745767,10135.78526445,2013.39633716685,2020.71981848385,SC2_EPI_ISL_412977,main,main
47,17,2.515202273,101.964053530076,18.5761551207248,101.96883895298,18.8267754683185,10143.108746183,10140.59354391,2018.20461662685,2020.71981889985,SC2_MZ937000.1,main,main
48,18,1.611249782,101.938958102565,18.5573873581268,101.929004878146,18.566631063099,10143.1087461831,10141.4974964011,2019.10856911795,2020.71981889995,SC2_MZ937003.1,main,main
48,19,1.611249782,101.938958102565,18.5573873581268,102.314763871959,18.7677917921266,10143.1087461831,10141.4974964011,2019.10856911795,2020.71981889995,SC2_MZ937001.1,main,main
36,6,6.626042207,104.17084626471,25.0012321667696,104.174731923035,25.0094161197159,10143.108746607,10136.4827044,2014.09377711685,2020.71981932385,SC2_OK017806.1,main,main
36,7,6.626042207,104.17084626471,25.0012321667696,103.131369246082,24.8851277184724,10143.108746607,10136.4827044,2014.09377711685,2020.71981932385,SC2_MW703458.1,main,main
35,5,33.40942037,112.45594247513,28.2613679271576,112.382281015289,28.1955196386274,10143.10874661,10109.69932624,1987.31039895685,2020.71981932685,SC2_OK017805.1,main,main
33,8,21.6834056,122.224216578823,29.7598351561961,122.189808835935,29.8116700999121,10143.10874661,10121.42534101,1999.03641372685,2020.71981932685,SC2_MG772934.1,main,main
33,9,21.6834056,122.224216578823,29.7598351561961,122.253805137198,29.7551165510837,10143.10874661,10121.42534101,1999.03641372685,2020.71981932685,SC2_MG772933.1,main,main
40,41,7.3234813172,102.509173785983,20.3216894629212,101.935687687935,18.5302844347557,10143.395905444,10135.78526445,2013.39633716685,2020.71981848405,NA,main,main
