node1,node2,length,startLon,startLat,endLon,endLat,endNodeL,startNodeL,startYear,endYear,tipLabel,startClade,endClade
52,53,18.35925298,110.997136180846,27.9125785082294,101.43027591628,24.9236382765034,16193.95488709,16175.59563411,1998.31366993285,2016.67292291285,NA,main,main
39,40,0.2393539596,101.916658891027,18.7230652500714,101.911109356108,18.7577903528305,16197.1599855796,16196.92063162,2019.63866744285,2019.87802140245,NA,main,main
31,12,8.187303512,102.347438877425,18.5725496142119,101.618741427932,21.3169274643084,16197.992832902,16189.80552939,2012.52356521285,2020.71086872485,SC2_EPI_ISL_412977,main,main
52,5,22.39720386,110.997136180846,27.9125785082294,111.044420504737,28.0155603524003,16197.99283797,16175.59563411,1998.31366993285,2020.71087379285,SC2_OK017805.1,main,main
49,8,18.15998844,122.281901224431,29.876473276658,122.189808835935,29.8116700999121,16197.99283797,16179.83284953,2002.55088535285,2020.71087379285,SC2_MG772934.1,main,main
49,9,18.15998844,122.281901224431,29.876473276658,122.253805137198,29.7551165510837,16197.99283797,16179.83284953,2002.55088535285,2020.71087379285,SC2_MG772933.1,main,main
53,6,4.037950887,101.43027591628,24.9236382765034,100.872262681202,25.2248726808373,16197.992837977,16193.95488709,2016.67292291285,2020.71087379985,SC2_OK017806.1,main,main
53,7,4.037950887,101.43027591628,24.9236382765034,101.30457520116,24.9449812563993,16197.992837977,16193.95488709,2016.67292291285,2020.71087379985,SC2_MW703458.1,main,main
40,18,0.832852694,101.911109356108,18.7577903528305,101.929004878146,18.566631063099,16197.9928382736,16197.1599855796,2019.87802140245,2020.71087409645,SC2_MZ937003.1,main,main
40,19,0.832852694,101.911109356108,18.7577903528305,102.314763871959,18.7677917921266,16197.9928382736,16197.1599855796,2019.87802140245,2020.71087409645,SC2_MZ937001.1,main,main
39,17,1.072206654,101.916658891027,18.7230652500714,101.96883895298,18.8267754683185,16197.992838274,16196.92063162,2019.63866744285,2020.71087409685,SC2_MZ937000.1,main,main
31,32,8.1873035118,102.347438877425,18.5725496142119,102.14312993794,18.4572324386382,16198.566895684,16189.80552939,2012.52356521285,2020.71086872465,NA,main,main
