node1,node2,length,startLon,startLat,endLon,endLat,endNodeL,startNodeL,startYear,endYear,tipLabel,startClade,endClade
34,35,40.9638119,102.044608262359,18.8353750825976,101.914848577284,18.7325952718896,19486.84365176,19445.87983986,1975.26183413995,2016.22564603995,NA,main,main
48,49,40.67882195,111.924306993297,25.7325273702328,104.812680078702,24.3277978273843,19488.5273415,19447.84851955,1977.23051382995,2017.90933577995,NA,main,main
35,36,2.43128021,101.914848577284,18.7325952718896,101.907262931425,18.5873736068363,19489.27493197,19486.84365176,2016.22564603995,2018.65692624995,NA,main,main
52,12,17.24951967,102.485289893191,15.9702212687802,101.618741427932,21.3169274643084,19491.17260767,19473.923088,2003.30508227995,2020.55460194995,SC2_EPI_ISL_412977,main,main
35,19,4.32895772,101.914848577284,18.7325952718896,102.314763871959,18.7677917921266,19491.17260948,19486.84365176,2016.22564603995,2020.55460375995,SC2_MZ937001.1,main,main
36,18,1.89767751,101.907262931425,18.5873736068363,101.929004878146,18.566631063099,19491.17260948,19489.27493197,2018.65692624995,2020.55460375995,SC2_MZ937003.1,main,main
36,17,1.89767751,101.907262931425,18.5873736068363,101.96883895298,18.8267754683185,19491.17260948,19489.27493197,2018.65692624995,2020.55460375995,SC2_MZ937000.1,main,main
34,20,45.29276963,102.044608262359,18.8353750825976,101.299046603232,23.0992503796902,19491.17260949,19445.87983986,1975.26183413995,2020.55460376995,SC2_MN996532.2,main,main
48,5,43.32409242,111.924306993297,25.7325273702328,111.875640517693,25.6681715216638,19491.17261197,19447.84851955,1977.23051382995,2020.55460624995,SC2_OK017805.1,main,main
46,8,17.85075833,122.235760602138,29.7740074901062,122.189808835935,29.8116700999121,19491.17261197,19473.32185364,2002.70384791995,2020.55460624995,SC2_MG772934.1,main,main
46,9,17.85075833,122.235760602138,29.7740074901062,122.253805137198,29.7551165510837,19491.17261197,19473.32185364,2002.70384791995,2020.55460624995,SC2_MG772933.1,main,main
49,6,2.64527047,104.812680078702,24.3277978273843,104.98178526231,24.306442511189,19491.17261197,19488.5273415,2017.90933577995,2020.55460624995,SC2_OK017806.1,main,main
49,7,2.64527047,104.812680078702,24.3277978273843,105.043774059429,24.3833443150121,19491.17261197,19488.5273415,2017.90933577995,2020.55460624995,SC2_MW703458.1,main,main
52,53,17.249519669,102.485289893191,15.9702212687802,102.118945741133,18.5250956900806,19491.851016,19473.923088,2003.30508227995,2020.55460194895,NA,main,main
