node1,node2,length,startLon,startLat,endLon,endLat,endNodeL,startNodeL,startYear,endYear,tipLabel,startClade,endClade
50,52,17.91758322,110.048072664898,27.3513637475405,109.957022132706,27.3951415550067,7779.403724761,7761.486141541,1974.14941918885,1992.06700240885,NA,main,main
52,53,24.37915617,109.957022132706,27.3951415550067,102.004754664145,25.3631573412913,7803.782880931,7779.403724761,1992.06700240885,2016.44615857885,NA,main,main
37,38,35.90858196,103.255463929806,18.8683594002497,102.71409744314,19.3008250732671,7807.40023121,7771.49164925,1984.15492689785,2020.06350885785,NA,main,main
31,12,7.358191865,102.508384255446,17.745354304162,101.618741427932,21.3169274643084,7808.023012075,7800.66482021,2013.32809785785,2020.68628972285,SC2_EPI_ISL_412977,main,main
49,8,21.22603432,122.077917997837,30.1378009700807,122.189808835935,29.8116700999121,7808.02301217,7786.79697785,1999.46025549785,2020.68628981785,SC2_MG772934.1,main,main
49,9,21.22603432,122.077917997837,30.1378009700807,122.253805137198,29.7551165510837,7808.02301217,7786.79697785,1999.46025549785,2020.68628981785,SC2_MG772933.1,main,main
52,5,28.61928741,109.957022132706,27.3951415550067,109.427176826526,28.2828978671155,7808.023012171,7779.403724761,1992.06700240885,2020.68628981885,SC2_OK017805.1,main,main
53,6,4.240131244,102.004754664145,25.3631573412913,101.755816417156,25.5012460851133,7808.023012175,7803.782880931,2016.44615857885,2020.68628982285,SC2_OK017806.1,main,main
53,7,4.240131244,102.004754664145,25.3631573412913,102.560178565058,25.5916665467589,7808.023012175,7803.782880931,2016.44615857885,2020.68628982285,SC2_MW703458.1,main,main
37,20,36.53136362,103.255463929806,18.8683594002497,101.299046603232,23.0992503796902,7808.02301287,7771.49164925,1984.15492689785,2020.68629051785,SC2_MN996532.2,main,main
38,17,0.622781664,102.71409744314,19.3008250732671,101.96883895298,18.8267754683185,7808.023012874,7807.40023121,2020.06350885785,2020.68629052185,SC2_MZ937000.1,main,main
50,51,46.5368706334,110.048072664898,27.3513637475405,110.072584991475,27.6115750118105,7808.169349001,7761.486141541,1974.14941918885,2020.68628982225,NA,main,main
38,39,0.622781664,102.71409744314,19.3008250732671,101.933177145204,18.5227947225421,7808.3183731752,7807.40023121,2020.06350885785,2020.68629052185,NA,main,main
31,32,7.3581918654,102.508384255446,17.745354304162,102.080032356744,18.4841429653994,7808.621653859,7800.66482021,2013.32809785785,2020.68628972325,NA,main,main
