node1,node2,length,startLon,startLat,endLon,endLat,endNodeL,startNodeL,startYear,endYear,tipLabel,startClade,endClade
36,37,15.9770713675039,109.263360743953,27.6622866528198,122.390762698105,29.9094853184876,469.999540736876,454.022469369373,1981.16636525009,1997.14343661759,NA,main,main
46,8,0.0294907591942248,106.365883056789,13.8959158523824,106.371998672489,13.7703973443768,483.823227406955,483.793736647761,2010.93763252848,2010.96712328767,SC2_EPI_ISL_852605,main,main
46,13,0.0294907591942248,106.365883056789,13.8959158523824,106.370433549847,13.8926320130356,483.823227406955,483.793736647761,2010.93763252848,2010.96712328767,SC2_EPI_ISL_852604,main,main
37,14,18.3908099577498,122.390762698105,29.9094853184876,122.178273382063,29.7842385086408,488.390350694626,469.999540736876,1997.14343661759,2015.53424657534,SC2_MG772934.1,main,main
56,57,9.91195079034337,101.602682913113,19.0052175496975,102.618167924667,18.7758580998815,488.471677343176,478.559726552833,2005.70362243355,2015.61557322389,NA,main,main
37,7,19.97985105364,122.390762698105,29.9094853184876,122.326664187162,29.9840779125643,489.979391790517,469.999540736876,1997.14343661759,2017.12328767123,SC2_MG772933.1,main,main
36,38,37.8236810113322,109.263360743953,27.6622866528198,110.121120981785,27.3832424389909,491.846150380705,454.022469369373,1981.16636525009,2018.99004626142,NA,main,main
56,17,14.8483949330202,101.602682913113,19.0052175496975,102.115638968878,18.8390093452593,493.408121485853,478.559726552833,2005.70362243355,2020.55201736657,SC2_MZ937001.1,main,main
57,21,4.93644414267681,102.618167924667,18.7758580998815,101.938473486509,18.4306706535289,493.408121485853,488.471677343176,2015.61557322389,2020.55201736657,SC2_MZ937002.1,main,main
57,6,4.94464086398818,102.618167924667,18.7758580998815,102.220324712726,18.5488070414964,493.416318207165,488.471677343176,2015.61557322389,2020.56021408788,SC2_MZ937004.1,main,main
38,29,2.13324140981172,110.121120981785,27.3832424389909,109.618595854932,27.4678407951963,493.979391790517,491.846150380705,2018.99004626142,2021.12328767123,SC2_OK017804.1,main,main
38,23,2.13324140981172,110.121120981785,27.3832424389909,109.809695573441,27.2197737180685,493.979391790517,491.846150380705,2018.99004626142,2021.12328767123,SC2_OK017803.1,main,main
